Name,Image,Quantity
Goofy Horses,pxl_20241014_141037771_dixo_ts949x_m46h9jMQsi.jpg,3
Butterflies,pxl_20241015_201422092_zt_rk2_mfv_ye_VyguyLzywH.jpg,29
Tie Dye,pxl_20241015_201803739_rj8t2a_wx0r_XmCg7O8puq.jpg,17
Wildflowers,pxl_20241015_204152236_nx_ooawxj8y_Amc9itGobG.jpg,41
Starter Pokemon,pxl_20241015_204712690_t_s4_bur83di_QJwRcOt8xt.jpg,14
Ohio State,pxl_20241015_205025362_pqten_dad_yd_vGvtuCJtm7.jpg,30
Monster Eyes,pxl_20241015_205311207_fb_zsh_wz_obe_oOcJDun1F1.jpg,34
Art Deco Pink,pxl_20241015_205542671_ivttc_crcgz_PHu2rj0zNV.jpg,24
Unicorns,pxl_20241018_125816739_7m3d_fc_ne_t7_AfJniSWjv8.jpg,24
Pastel Scales,pxl_20241018_125752792_qz_zbk_tfvj_e_gSvISl82hK.jpg,21
Clovers,pxl_20241025_173645964_3_dsw3_bwa_c0_97AF0oHz8c.jpg,16
Vibrant Leopard Print,pxl_20241025_173653253_r_w2_oyt03_xz_fuGU4ewS7E.jpg,34
Purple Dragonflies,pxl_20241025_173707839_vn_sjiw3_h21_kkGtZw582y.jpg,58
Sharks,pxl_20241025_173701292_t_ryku3_k4_zi_cGM2tSyKsj.jpg,26
Foxes,pxl_20241025_174723900_c9_t3_uqh7_oj_DzAz4qgARq.jpg,28
Mini Kitties,pxl_20241025_174749015_70_pf_od9s_ax_8N62CtXX7p.jpg,24
Silver Vines,pxl_20241025_174731857_i2uayc_rg4e_LLdtQfpD1I.jpg,24
Doctors Office Kitties,pxl_20241025_174741094_jz_ewhv_ny_rh_72DpH6OwRs.jpg,13
Goth Flowers,pxl_20241025_184618810_ld_es_d2_tpmm_YhAjYDsLL1.jpg,33
Tie Dye Paws,pxl_20241025_184609771_b_v0_qs_ec6z_j_gGNDIwr1Nq.jpg,13
Delicate Flowers,pxl_20241025_184627251_u7a141x38_n_yqWQLAWhUG.jpg,37
Daisies,pxl_20241025_185853443_qj9nl_ezl4d_jFlIRfbuMs.jpg,18
Ice Cream Cat,pxl_20241025_185845662_anse_gh_ij3p_k8VDkSVy5b.jpg,14
Frogs,pxl_20241025_185838719_y1tx0_emdi7_whyQI82C7g.jpg,5
Sea Life,pxl_20241025_185830555_u_xc_fh3_fcy2_2OlI3NMVtl.jpg,17
Easter Stripes,pxl_20241025_191219720_us_pa2_yyzjq_LWVaFRIyNC.jpg,41
Pink Delicate Flowers,pxl_20241025_191245235_un8u_xyky_as_OBVhNF2OkL.jpg,30
Hearts,pxl_20241025_191237950_x4640_ii_l7f_M5RXMIOWkd.jpg,40
Country Cats,pxl_20241025_191228424_ly_ab6_qb_a4q_SXA6JCNBBC.jpg,27
Static Art Deco,pxl_20241025_192350160_8_y7es_sw_yj4_ARTvfajcYh.jpg,34
Sloths,pxl_20241025_192342730_x_xfb_yq_gnc4_8ZeoTtLj4E.jpg,21
Cupcakes,pxl_20241025_192408853_z_lojr_zivqu_wjfQItzsnw.jpg,31
Cat Breeds,pxl_20241025_192358318_y30wnt_ifgm_YP1w5rkJ9o.jpg,17
Green,pxl_20241025_193208897_hq0six_nu_ca_wb9Ar5I0h5.jpg,32
Red and Silver Snowflakes,pxl_20241025_193215966_la_qt3_wxv9_s_4PfR7UXyZq.jpg,43
Inspirational,pxl_20241025_193222672_uuwba_hr1_nx_vpdN7HgDsM.jpg,24
Thankful Dead,pxl_20241025_193200956_4_nx_lo7_js_x9_qz7jQrNQeo.jpg,37
Green Leaves,pxl_20241025_194447069_e_sogf_ls_e4_v_ujtMxmlcfy.jpg,25
Red White and Blue Stars,pxl_20241025_194430385_f_tgwwb3_h6z_d2KRJ69F2T.jpg,35
Knit Gift,pxl_20241025_194439857_vu67si_xa5_h_FCTjK2tUgI.jpg,14
Planets,pxl_20241025_194422510_o0hsx0_jqra_GcVFanLQgz.jpg,8
Rainbow Unicorn,pxl_20241029_204643108_uw0u8ag_zlg_Tn8lqstJui.jpg,9
Silver Cat Face on Pink,pxl_20241029_204531654_mlhcs7n_yx_d_12FO1Drilr.jpg,23
Green Mermaid Scales,pxl_20241029_204617737_igz10_vvax_s_x2c8GR8AwJ.jpg,18
Pirate Bones,pxl_20241029_204540848_j_zgx_b1mn9_s_B0C0doFCIf.jpg,13
Gold Stars on Blue,pxl_20241029_204608776_ql_qgv_tr_iyj_gzZBbYLzbW.jpg,13
I Meow You,pxl_20241029_204507387_56t0_pjz_u7_e_HycxcjFfhq.jpg,27
Autumn Leaves,zpxl_20241029_204520598_csgg_jc_an_sj_aabxSyxTVO.jpg,17
Christmas Trees,pxl_20241029_204632750_wzgvb_fp7_la_mLV8aQywOo.jpg,26
Sequins,pxl_20241030_181054027_4nrk_u0_i3_sa_CMdYtt7UgM.jpg,38
Scales with Gold,pxl_20241030_181324543_u_ru_qg7_rfrk_HEGDyZkvAG.jpg,30
Bees,pxl_20241030_181425239_gugn6jk65m_ikzRQwieiE.jpg,21
Big Puzzle Hearts,pxl_20241030_181708004_x_jc0iz_xqgh_ZwO0TomARd.jpg,7
Pink Flowers on Green,pxl_20241030_182007476_qzl3de310l_QnGmEYuGE4.jpg,48
Gold Splotches on Blue,pxl_20241030_183525551_7ufm_r2w_tms_EbD0AZid5h.jpg,30
Watercolor Rainbow,pxl_20241030_183541861_97_xl_he5_c6g_0KvrYfYths.jpg,19
Red and Blue Paint Swirls,pxl_20241030_183550709_islk_vc9_d1_b_lrrOlWZFZY.jpg,14
Pastel Paint Swirls,pxl_20241030_183532518_j_xn_b4c5wn_s_ziBUZbo4qY.jpg,30
Llamas,pxl_20241030_183518688_no_p6_qw6osr_GT3xF6R8lf.jpg,5
Red White and Blue Checkerboard,pxl_20241030_193258248_z_eqpa_fe_guc_J0WUTS8Boz.jpg,27
Bright Yellow and Blue Scales,pxl_20241030_193135541_v1_h05yl1_wr_6zKcyYiJvw.jpg,25
Fish Bones Meow,pxl_20241030_193207911_duals2_ojy_u_eaxLEbSzi9.jpg,36
Skulls on Pink,pxl_20241030_193228527_7_fnjhf_zhqs_N1oNqqwaLr.jpg,19
Candycorn,pxl_20241030_193235837_r7is_br_fikx_R3ZICeErMq.jpg,12
Trick or Treators,pxl_20241030_193215533_w4_ub_fef_nwf_czyD9H3ACI.jpg,31
Coffee Beans,pxl_20241030_193249946_lh_fr6_zzf_ns_PdrZMEMgwx.jpg,21
Chocolate Candies,pxl_20241030_193144638_e7l4y_zr4gf_Lc1LwRyfRd.jpg,11
Library Cats,pxl_20241030_193312831_oth_y1a_tf_cq_T0ikZQDpJx.jpg,21
Pizza,pxl_20241030_193152740_mu_sfb_tc_kbn_kCnjwoS53G.jpg,7
Minions,pxl_20241031_143225068_f5b_lzdv_aia_Bt5l2msxkK.jpg,16
Peace Signs,pxl_20241031_143155029_ewf_ke_eki0z_WWREsig6Mc.jpg,32
Penguins,pxl_20241031_143310791_xbiuw_lp_xud_Onh2czXLvq.jpg,32
Blue and Silver Snowflakes,pxl_20241031_143235785_oj_qzpji1v_b_SkXT8b1ke6.jpg,28
Celtic Knots,pxl_20241031_143320555_nimb_qe5_adz_xzThYOwwE9.jpg,9
Pink Paws,pxl_20241031_143402709_aq_xaq_p230o_cXKw7cuRJz.jpg,20
Twilight Stripes,pxl_20241031_143205937_vla6_ldqhm_g_iTBBNG3Eb2.jpg,42
Vibrant Kitty,pxl_20241031_143352799_8q_mq_kcw4_ju_VslTeQmjzI.jpg,5
Blue Zigzag Stripes,pxl_20241031_143214751_k_xjol_bqdot_6IJV6Y988U.jpg,34
Jack o' Lanterns,pxl_20241031_143248373_0a50_xwbu0_n_A3DBHlNAnv.jpg,17
Red Mosaic,pxl_20241031_143330273_fwm_fz4yurd_Gl9KiXPRf9.jpg,43
Donuts,pxl_20241031_143339938_y252_zl_vghe_nmkXYtOpEB.jpg,24
Light Brown Paws,pxl_20241031_143257339_csn80_noi_lu_Hr872X5Ido.jpg,26
